zri,max_column
1.5765999066711958,rural
2.026800052945268,suburban
1.7641434325,urban
