zri,max_column
-0.4113956931222826,rural
0.0668424064872672,suburban
-0.21217216958695653,urban
